{
  "temperature": 0.7999999999999999,
  "top_p": 0.9500000000000001,
  "max_tokens": 1024
}